{
  "Return": 0.1107848165355696,
  "Net return": 0.09384137981841993,
  "Volatility": 0.1112573068567348,
  "Sharpe": 0.8434626225427043,
  "Max_dd": 0.1949424447131166,
  "Calmar": 0.5682949995759209
}