{
  "Return": 0.1107848165355696,
  "Net return": 0.09438930508373183,
  "Volatility": 0.1112573068567348,
  "Sharpe": 0.8483874700047902,
  "Max_dd": 0.1949424447131166,
  "Calmar": 0.5682949995759209
}