{
  "nav": {
    "Return": 0.1107848165355696,
    "Net return": 0.09384137981841993,
    "Volatility": 0.1112573068567348,
    "Sharpe": 0.8434626225427043,
    "Max_dd": 0.1949424447131166,
    "Calmar": 0.5682949995759209
  },
  "benchmark": {
    "Return": 0.09304097194284844,
    "Net return": 0.09021367019110474,
    "Volatility": 0.19308200602514167,
    "Sharpe": 0.4672298162230498,
    "Max_dd": 0.5525024106969596,
    "Calmar": 0.168399214449546
  }
}